{
	"condition": "minecraft:inverted",
	"term": {
		"condition": "minecraft:all_of",
		"terms": [
			{
				"condition": "minecraft:entity_properties",
				"entity": "this",
				"predicate": {
					"nbt": "{Inventory:[{Slot:0b}]}"
				}
			},
		{
				"condition": "minecraft:entity_properties",
				"entity": "this",
				"predicate": {
					"nbt": "{Inventory:[{Slot:1b}]}"
				}
			},
		{
				"condition": "minecraft:entity_properties",
				"entity": "this",
				"predicate": {
					"nbt": "{Inventory:[{Slot:2b}]}"
				}
			},
		{
				"condition": "minecraft:entity_properties",
				"entity": "this",
				"predicate": {
					"nbt": "{Inventory:[{Slot:3b}]}"
				}
			},
		{
				"condition": "minecraft:entity_properties",
				"entity": "this",
				"predicate": {
					"nbt": "{Inventory:[{Slot:4b}]}"
				}
			},
		{
				"condition": "minecraft:entity_properties",
				"entity": "this",
				"predicate": {
					"nbt": "{Inventory:[{Slot:5b}]}"
				}
			},
		{
				"condition": "minecraft:entity_properties",
				"entity": "this",
				"predicate": {
					"nbt": "{Inventory:[{Slot:6b}]}"
				}
			},
		{
				"condition": "minecraft:entity_properties",
				"entity": "this",
				"predicate": {
					"nbt": "{Inventory:[{Slot:7b}]}"
				}
			},
		{
				"condition": "minecraft:entity_properties",
				"entity": "this",
				"predicate": {
					"nbt": "{Inventory:[{Slot:8b}]}"
				}
			},
		{
				"condition": "minecraft:entity_properties",
				"entity": "this",
				"predicate": {
					"nbt": "{Inventory:[{Slot:9b}]}"
				}
			},
		{
				"condition": "minecraft:entity_properties",
				"entity": "this",
				"predicate": {
					"nbt": "{Inventory:[{Slot:10b}]}"
				}
			},
		{
				"condition": "minecraft:entity_properties",
				"entity": "this",
				"predicate": {
					"nbt": "{Inventory:[{Slot:11b}]}"
				}
			},
		{
				"condition": "minecraft:entity_properties",
				"entity": "this",
				"predicate": {
					"nbt": "{Inventory:[{Slot:12b}]}"
				}
			},
		{
				"condition": "minecraft:entity_properties",
				"entity": "this",
				"predicate": {
					"nbt": "{Inventory:[{Slot:13b}]}"
				}
			},
		{
				"condition": "minecraft:entity_properties",
				"entity": "this",
				"predicate": {
					"nbt": "{Inventory:[{Slot:14b}]}"
				}
			},
		{
				"condition": "minecraft:entity_properties",
				"entity": "this",
				"predicate": {
					"nbt": "{Inventory:[{Slot:15b}]}"
				}
			},
		{
				"condition": "minecraft:entity_properties",
				"entity": "this",
				"predicate": {
					"nbt": "{Inventory:[{Slot:16b}]}"
				}
			},
		{
				"condition": "minecraft:entity_properties",
				"entity": "this",
				"predicate": {
					"nbt": "{Inventory:[{Slot:17b}]}"
				}
			},
		{
				"condition": "minecraft:entity_properties",
				"entity": "this",
				"predicate": {
					"nbt": "{Inventory:[{Slot:18b}]}"
				}
			},
		{
				"condition": "minecraft:entity_properties",
				"entity": "this",
				"predicate": {
					"nbt": "{Inventory:[{Slot:19b}]}"
				}
			},
		{
				"condition": "minecraft:entity_properties",
				"entity": "this",
				"predicate": {
					"nbt": "{Inventory:[{Slot:20b}]}"
				}
			},
		{
				"condition": "minecraft:entity_properties",
				"entity": "this",
				"predicate": {
					"nbt": "{Inventory:[{Slot:21b}]}"
				}
			},
		{
				"condition": "minecraft:entity_properties",
				"entity": "this",
				"predicate": {
					"nbt": "{Inventory:[{Slot:22b}]}"
				}
			},
		{
				"condition": "minecraft:entity_properties",
				"entity": "this",
				"predicate": {
					"nbt": "{Inventory:[{Slot:23b}]}"
				}
			},
		{
				"condition": "minecraft:entity_properties",
				"entity": "this",
				"predicate": {
					"nbt": "{Inventory:[{Slot:24b}]}"
				}
			},
		{
				"condition": "minecraft:entity_properties",
				"entity": "this",
				"predicate": {
					"nbt": "{Inventory:[{Slot:25b}]}"
				}
			},
		{
				"condition": "minecraft:entity_properties",
				"entity": "this",
				"predicate": {
					"nbt": "{Inventory:[{Slot:26b}]}"
				}
			},
		{
				"condition": "minecraft:entity_properties",
				"entity": "this",
				"predicate": {
					"nbt": "{Inventory:[{Slot:27b}]}"
				}
			},
		{
				"condition": "minecraft:entity_properties",
				"entity": "this",
				"predicate": {
					"nbt": "{Inventory:[{Slot:28b}]}"
				}
			},
		{
				"condition": "minecraft:entity_properties",
				"entity": "this",
				"predicate": {
					"nbt": "{Inventory:[{Slot:29b}]}"
				}
			},
		{
				"condition": "minecraft:entity_properties",
				"entity": "this",
				"predicate": {
					"nbt": "{Inventory:[{Slot:30b}]}"
				}
			},
		{
				"condition": "minecraft:entity_properties",
				"entity": "this",
				"predicate": {
					"nbt": "{Inventory:[{Slot:31b}]}"
				}
			},
		{
				"condition": "minecraft:entity_properties",
				"entity": "this",
				"predicate": {
					"nbt": "{Inventory:[{Slot:32b}]}"
				}
			},
		{
				"condition": "minecraft:entity_properties",
				"entity": "this",
				"predicate": {
					"nbt": "{Inventory:[{Slot:33b}]}"
				}
			},
		{
				"condition": "minecraft:entity_properties",
				"entity": "this",
				"predicate": {
					"nbt": "{Inventory:[{Slot:34b}]}"
				}
			},
		{
				"condition": "minecraft:entity_properties",
				"entity": "this",
				"predicate": {
					"nbt": "{Inventory:[{Slot:35b}]}"
				}
			}
		]
	}
}