{
	"display": {
		"title": {
			"text": "炭烤黑巧克力"
		},
		"description": {
			"text": "利用高爐將鵝卵石燒製成黑石",
			"color": "green"
		},
		"icon": {
			"id": "minecraft:blackstone"
		},
		"frame": "task",
		"show_toast": true,
		"announce_to_chat": true,
		"hidden": false
	},
	"parent": "new_recipe:new_recipe/root",
	"criteria": {
		"getblackstone": {
			"trigger": "minecraft:recipe_unlocked",
			"conditions": {
				"recipe": "new_recipe:blackstone"
			}
		}
	},
	"requirements": [
		[
			"getblackstone"
		]
	],
	"rewards": {
		"experience": 10
	}
}