{
    "display": {
        "title": {
            "text": "被炭燒成白巧克力"
        },
        "description": {
            "text": "利用熔爐將黑石燒製成終界石",
            "color": "green"
        },
        "icon": {
            "id": "minecraft:end_stone"
        },
        "frame": "task",
        "show_toast": true,
        "announce_to_chat": true,
        "hidden": false
    },
	"parent": "new_recipe:new_recipe/cook_a_blackstone",
	"criteria": {
        "getendstone": {
			"trigger": "minecraft:recipe_unlocked",
			"conditions": {
				"recipe": "new_recipe:end_stone"
			}
		}
	},
    "requirements": [
        [
            "getendstone"
        ]
    ],
    "rewards": {
        "experience": 10
    }
}