{
    "display": {
        "title": {
            "text": "Xiang990293 伺服器擴充資源包！",
            "color": "#4b4b4b"
        },
        "description": {
            "text": "成功安裝資料包",
            "color": "blue"
        },
        "icon": {
            "id": "minecraft:redstone"
        },
        "frame": "task",
        "show_toast": false,
        "announce_to_chat": false,
        "hidden": false,
        "background": "minecraft:textures/block/cobblestone.png"
    },
    "criteria": {
        "get first": {
            "trigger": "minecraft:tick"
        }
    }
}