{
    "display": {
        "title": {
            "text": "絲綢之觸的惡夢"
        },
        "description": {
            "text": "利用切石機將深板岩切成深板岩碎石",
            "color": "green"
        },
        "icon": {
            "id": "minecraft:cobbled_deepslate"
        },
        "frame": "task",
        "show_toast": true,
        "announce_to_chat": true,
        "hidden": false
    },
    "parent": "new_recipe:new_recipe/root",
    "criteria": {
        "getcobbleddeepslate": {
            "trigger": "minecraft:recipe_unlocked",
			"conditions": {
				"recipe": "new_recipe:cobbled_deepslate"
			}
        }
    },
    "requirements": [
        [
            "getcobbleddeepslate"
        ]
    ],
    "rewards": {
        "experience": 10
    }
}